{
    "type": "UnitFactory",
    "size": 3,
    "health": 450,
    "consumes": {
        "power": 3
    },
    "plans": [
        {
            "unit": "adaptor",
            "time": 900,
            "requirements": [
                {
                    "item": "silicon",
                    "amount": 15
                },
                {
                    "item": "bullet",
                    "amount": 3
                }
            ]
        }
    ],
    "abilities": [
        {
            "type": "ForceFieldAbility",
            "radius": 60,
            "regen": 0.4,
            "max": 500,
            "cooldown": 300
        }
    ],
    "requirements": [
        {
            "item": "silicon",
            "amount": 150
        },
        {
            "item": "graphite",
            "amount": 150
        },
        {
            "item": "titanium",
            "amount": 100
        }
    ],
    "category": "units",
    "research": "spornet-nest"
}
