{
    "type": "UnitFactory",
    "size": 2,
    "health": 200,
    "consumes": {
        "power": 1.2
    },
    "plans": [
        {
            "unit": "spornet",
            "time": 180,
            "requirements": [
                {
                    "item": "silicon",
                    "amount": 5
                },
                {
                    "item": "spore-pod",
                    "amount": 3
                }
            ]
        }
    ],
    "requirements": [
        {
            "item": "copper",
            "amount": 150
        },
        {
            "item": "lead",
            "amount": 75
        },
        {
            "item": "titanium",
            "amount": 50
        }
    ],
    "category": "units",
    "research": "air-factory"
}
