{
  "name": "[#FAFDFF]Небесная жидкость",
  "description": "Эта жидкость редко где используется, но её можно залить в кибирнетическую турель. Подходит для тушения пожаров",
  "color": "FAFDFF",
  "flammability": 0,
  "viscosity": 0.05,
  "explosiveness": 0,
  "lightColor": "FAFDFF",
  "heatCapacity": 0.01,
  "temperature": 0.4,
  "coolant": true
  "research": {
  "parent": "Кибернетический раствор"
  }
}
