{
  "localizedName": "Tarantula",
  "description": "High unit damage and shielded gunship, very versatile. Deceptively small.",
  "commandLimit": 6,
  "speed": 1.4,
  "drag": 0.1,
  "accel": 0.108,
  "strafePenalty": 0.8,
  "rotateSpeed": 5,
  "health": 7500,
  "armor": 10,
  "range": 135,
  "itemCapacity": 140,
  "hitSize": 23,
  "crashDamageMultiplier": 16,
  "fallEffect": "coreBurn",
  "fallThrusterEffect": "none",
  "rotateShooting": true,
  "circleTarget": false,
  "engineOffset": 5,
  "engineSize": 3,
  "lowAltitude": true,
  "destructibleWreck": false,
  "flying": true,
  "hovering": true,
  "weapons": [
    {
      "name": "Hells Fury Riot Gun",
      "x": 0,
      "y": 2,
      "shootY": 7,
      "recoil": 0.1,
      "reload": 6,
      "shots": 8,
      "shotDelay": 2,
      "spacing": 0,
      "inaccuracy": 4,
      "velocityRnd": 0.05,
      "rotateSpeed": 8,
      "occlusion": 6,
      "top": false,
      "rotate": true,
      "mirror": true,
      "soundPitchMin": 0.92,
      "soundPitchMax": 1.04,
      "bullet": {
        "type": "BasicBulletType",
        "frontColor": "ffffff",
        "backColor": "ffffff",
        "trailColor": "ffffff",
        "width": 6,
        "height": 8,
        "shrinkX": 0,
        "shrinkY": 0,
        "speed": 8,
        "sprite": "bullet",
        "lifetime": 30,
        "buildingDamageMultiplier": 0.2,
        "damage": 160,
        "reflectable": true
      }
    },
    {
      "name": "Gauss Cannon",
      "x": 0,
      "y": 2,
      "shootY": 7,
      "recoil": 3,
      "reload": 120,
      "shotDelay": 2,
      "spacing": 0,
      "inaccuracy": 4,
      "velocityRnd": 0.05,
      "rotateSpeed": 8,
      "occlusion": 6,
      "rotate": true,
      "mirror": false,
      "soundPitchMin": 0.92,
      "soundPitchMax": 1.04,
      "bullet": {
        "type": "ArtilleryBulletType",
        "frontColor": "deb2c6",
        "backColor": "dea2a6",
        "trailColor": "de5246",
        "collidesTiles": false,
        "scaleVelocity": true,
        "speed": 5,
        "width": 12,
        "height": 12,
        "shrinkX": 0,
        "shrinkY": 0,
        "sprite": "bullet",
        "damage": 10,
        "splashDamage": 200,
        "splashDamageRadius": 60,
        "reflectable": true
      }
    }
  ],
  "abilities": [
    {
      "type": "ShieldArcAbility",
      "radius": 34,
      "regen": 0.1,
      "max": 250,
      "cooldown": 440,
      "whenShooting": false,
      "angle": 70
    }      
  ],
  "research": {
    "parent": "broadsword",
    "requirements": [
      "silicon/40000"
    ]
  }
}
