{
  "localizedName": "Hornet",
  "description": "A small, low range gunship with high health and medium DPS. Deals 5x damage to units.",
  "commandLimit": 8,
  "speed": 2,
  "drag": 0.1,
  "accel": 0.108,
  "strafePenalty": 0.9,
  "rotateSpeed": 2,
  "health": 1000,
  "armor": 10,
  "range": 120,
  "itemCapacity": 70,
  "hitSize": 12,
  "crashDamageMultiplier": 12,
  "fallEffect": "coreBurn",
  "fallThrusterEffect": "none",
  "rotateShooting": true,
  "circleTarget": false,
  "engineOffset": 0,
  "engineSize": 3,
  "lowAltitude": true,
  "destructibleWreck": false,
  "flying": true,
  "hovering": true,
  "weapons": [
    {
      "name": "Hells Fury Riot Gun",
      "x": 0,
      "y": 2,
      "shootY": 7,
      "recoil": 0.1,
      "reload": 5,
      "shots": 4,
      "shotDelay": 2,
      "spacing": 3,
      "inaccuracy": 4,
      "velocityRnd": 0.05,
      "rotateSpeed": 8,
      "occlusion": 6,
      "rotate": true,
      "top": false,
      "mirror": true,
      "soundPitchMin": 0.92,
      "soundPitchMax": 1.04,
      "shootSound": "tempestShoot",
      "bullet": {
        "type": "BasicBulletType",
        "frontColor": "ffffff",
        "backColor": "ffffff",
        "trailColor": "ffffff",
        "width": 3,
        "height": 3,
        "shrinkX": 0,
        "shrinkY": 0,
        "speed": 8,
        "sprite": "bullet",
        "lifetime": 30,
        "buildingDamageMultiplier": 0.2,
        "damage": 50,
        "reflectable": true
      }
    }
  ],
  "research": {
    "parent": "eagle-eye",
    "requirements": [
      "silicon/15000"
    ]
  }
}
