{
  "localizedName": "Beetle",
  "description": "Zaps nearby targets while moving.",
  "commandLimit": 10,
  "speed": 4,
  "drag": 0.1,
  "accel": 0.083,
  "strafePenalty": 0.4,
  "lightRadius": 25,
  "lightOpacity": 1.174,
  "lightColor": "ffff00",
  "health": 400,
  "armor": 3,
  "itemCapacity": 50,
  "hitSize": 8,
  "crashDamageMultiplier": 3,
  "fallEffect": "coreBurn",
  "rotateShooting": false,
  "circleTarget": false,
  "immunities": [
    "wet",
    "shocked"
  ],
  "engineOffset": 0,
  "engineSize": 0,
  "lowAltitude": true,
  "destructibleWreck": false,
  "flying": true,
  "abilities": [
    {
      "type": "MoveLightningAbility",
      "damage": 20,
      "chance": 0.5,
      "length": 6,
      "minSpeed": 0.8,
      "maxSpeed": 5
    }      
  ],
  "research": {
    "parent": "wasp",
    "requirements": [
      "silicon/6000"
    ]
  }
}
