{
  "localizedName": "Scorpion",
  "description": "The best support gunship, and penultimate anti-unit unit",
  "commandLimit": 8,
  "speed": 0.71,
  "drag": 0.2,
  "accel": 0.205,
  "strafePenalty": 1,
  "rotateSpeed": 0.9,
  "health": 22500,
  "armor": 20,
  "range": 160,
  "itemCapacity": 220,
  "hitSize": 31,
  "crashDamageMultiplier": 20,
  "fallEffect": "coreBurn",
  "fallThrusterEffect": "none",
  "rotateShooting": true,
  "circleTarget": false,
  "engineOffset": 0,
  "engineSize": 0,
  "lowAltitude": true,
  "destructibleWreck": false,
  "flying": true,
  "hovering": true,
  "abilities": [
    {
      "type": "UnitSpawnAbility",
      "unit": "wasp",
      "spawnTime": 240,
      "spawnx": 0,
      "spawny": 40
    },
    {
      "type": "EnergyFieldAbility",
      "damage": 80,
      "range": 80,
      "drawArc": false,
      "color": "ff9999aa",
      "reload": 60,
      "maxTargets": 12,
      "targetGround": true,
      "targetAir": true,
      "hitBuildings": true,
      "hitUnits": true,
      "healPercent": 3
    }
  ],
  "weapons": [
    {
      "name": "Hells Fury Riot Gun",
      "x": 0,
      "y": 2,
      "shootY": 7,
      "recoil": 0.1,
      "reload": 8,
      "shots": 12,
      "shotDelay": 2,
      "spacing": 0,
      "inaccuracy": 7,
      "velocityRnd": 0.05,
      "rotateSpeed": 8,
      "occlusion": 6,
      "rotate": true,
      "top": false,
      "mirror": true,
      "soundPitchMin": 0.92,
      "soundPitchMax": 1.04,
      "bullet": {
        "type": "BasicBulletType",
        "frontColor": "ffffff",
        "backColor": "ffffff",
        "trailColor": "ffffff",
        "width": 8,
        "height": 12,
        "shrinkX": 0,
        "shrinkY": 0,
        "speed": 6,
        "sprite": "bullet",
        "lifetime": 30,
        "damage": 200,
        "buildingDamageMultiplier": 0.3,
        "reflectable": true
      }
    }
  ],
  "research": {
    "parent": "ac1k",
    "requirements": [
      "silicon/120000"
    ]
  }
}
