{
  "type": "UnitFactory",
  "name": "Создатель Пирхелей",
  "health": 470,
  "size": 3,
  "consumes": {
    "power": 1
  },
  "plans": [
  	{
      "unit": "Пирхель",
      "requirements": [
	    {"item": "Хибин", "amount": 70},
	    {"item": "Харбин", "amount": 5}
      ],
      "time": 300
    },
  	{
      "unit": "Рипхель",
      "requirements": [
	    {"item": "Эквирант", "amount": 70},
	    {"item": "Харбин", "amount": 10}
      ],
      "time": 800
    },
  ],
  "requirements": [
    {
      "item": "Хибин",
      "amount": 120
    },
    {
      "item": "Харбин",
      "amount": 10
    },
  ],
  "category": "units",
  "research": "Хибиновое ядро"
	"researchCost": [
    {
      "item": "Хибин",
      "amount": 1200
    },
    {
      "item": "Харбин",
      "amount": 300
    },
	]
}
