{
  "type": "UnitFactory",
  "name": "Создатель Таргов",
  "health": 500,
  "size": 3,
  "consumes": {
    "power": 2
  },
  "plans": [
  	{
      "unit": "Тарг",
      "requirements": [
	    {"item": "Дерево", "amount": 200},
	    {"item": "Железо", "amount": 150}
      ],
      "time": 600
    },
  ],
  "requirements": [
    {
      "item": "Дерево",
      "amount": 2000
    },
    {
      "item": "Железо",
      "amount": 1000
    },
  ],
  "category": "units",
  "research": "Железный конвеер для юнитов"
}
