{
	"name": "Сверхприводной проектор",
 "description": "Ускоряет объекты находящиеся рядом с ним",
	"type": "OverdriveProjector",
	"health": 760,
	"size": 2,
	"range": 110,
    "consumes": { 
        "power": 2,
        "items": {
			"items": [ {"item": "Радон", "amount": 1} ],
			"booster": true,
			"optional": true
        } 
    },
    "speedBoost": 2.4,
    "speedBoostPhase": 0.6,
    "phaseRangeBoost": 20,
	"requirements": [
		{ "item": "Алмаз", "amount": 50 },
		{ "item": "Железо", "amount": 50 },
        { "item": "Радон", "amount": 25 }
        { "item": "Гипер сплав", "amount": 1 }
	],
	"category": "effect",
	"research": "Деревянное ядро"
}