{
  "type": "ConsumeGenerator",
  "name": "Simple Combustion Generator",
  "description": "Uses coal and water to generate power",
  "squareSprite": false,
  "drawer": {
    "type": "DrawMulti",
    "drawers": [
      {
        "type": "DrawDefault"
      },
      {
        "type": "DrawGlowRegion",
        "color": "fdb380"
      },
      {
        "type": "DrawLiquidRegion",
        "drawLiquid": "water",
        "suffix": "-water",
        "alpha": 0.5
      }
    ]
  },
  "health": 280,
  "size": 3,
  "hasPower": true,
  "hasLiquids": true,
  "powerProduction": 5,
  "updateEffect": "pulverise",
  "consumes": {
    "items": [
      "coal/1"
    ],
    "liquid": {
      "liquid": "water",
      "amount": 0.2
    }
  },
  "requirements": [
    "silicon/80",
    "graphite/60",
    "beryllium/60"
  ],
  "category": "power",
  "research": {
    "parent": "turbine-condenser",
    "objectives": [
      "turbine-condenser",
      "1-graphite-decompressor",
      {
      "type": "OnSector",
      "preset": "presence"
      }
    ]
  }
}
