{
  "type": "ConsumeGenerator",
  "name": "Meltdown Generator",
  "description": "Uses slag and hydrogen to generate power",
  "drawer": {
    "type": "DrawMulti",
    "drawers": [
      {
        "type": "DrawRegion",
        "suffix": "-bottom"
      },
      {
        "type": "DrawLiquidTile",
        "drawLiquid": "slag"
        "padding": 2,
        "alpha": 0.8,
      },
      {
        "type": "DrawDefault"
      },
      {
        "type": "DrawGlowRegion",
        "color": "d1efff"
      },
    ]
  },
  "health": 880,
  "size": 3,
  "hasPower": true,
  "hasLiquids": true,
  "powerProduction": 15,
  "updateEffect": "pulverise",
  "consumes": {
    "liquids": [
      "hydrogen/0.1",
      "slag/1",
    ]
  },
  "squareSprite": false,
  "requirements": [
    "tungsten/240",
    "surge-alloy/40",
    "static-compound/80",
    "silicon/160",
    "oxide/60"
  ],
  "category": "power",
  "research": "chemical-combustion-chamber"
}
