{
    "localizedName": "Megalith",
    "description": "Experimental T6 megabot capable of that can outpreform many things.",
    "commandLimit": 1,
    "type": "legs",
    "speed": 0.5,
    "drag": 0.5,
    "accel": 0.2,
    "strafePenalty": 0,
    "rotateSpeed": 2,
    "health": 84000,
    "armor": 20,
    "range": 300,
    "targetAir": true,
    "circleTarget": false,
    "hitSize": 48,
    "itemCapacity": 1000,
    
    "legCount": 8,
    "legMoveSpace": 0.8,
    "legPairOffset": 3,
    "legLength": 75,
    "legExtension": -20,
    "legBaseOffset": 8,
    "landShake": 1,
    "legLengthScl": 0.93,
    "rippleScale": 3,
    "legSpeed": 0.19,

    "legSplashDamage": 400,
    "legSplashRange": 60,

    "hovering": true,
    "allowLegStep": true,
    "visualElevation": 0.95,
  
    "destructibleWreck": false,
    "flying": false,
    "weapons": [
        {
            "name": "Hyper-Cannon",
            "reload": 60,
            "x": 0,
            "y": -10,
            "mirror": false,
            "inaccuracy": 4,
            "velocityRnd": 0.1,
            "shootY": -2,
            "top": true,
            "ignoreRotation": false,
            "shootX": 0,
            "bullet": {
                "type": "BasicBulletType",
                "height": 40,
                "width": 40,
                "speed": 8,
                "lifetime": 50,
                "scaleVelocity": false,
                "shootShake": 2,
                "damage": 800,
                "splashDamage": 800,
                "frontColor": "ff4444",
                "backColor": "ff4444",
                "splashDamageRadius": 50,
                "collidesTiles": true,
                "collidesAir": true,
                "reflectable": false
            }
        },
        {
            "name": "Heat-Laser",
            "reload": 180,
            "x": 0,
            "y": 0,
            "mirror": false,
            "spacing": 0,
            "spread": 0.5,
            "inaccuracy": 0,
            "velocityRnd": 0,
            "shootX": 0,
            "top": true,
            "ignoreRotation": false,
            "shootY": 1,
            "bullet": {
                "type": "LaserBulletType",
                "damage": 2000,
                "pierceCap": 100,
                "speed": 0.1,
                "height": 100,
                "width": 60,
                "length": 350,
                "hitSize": 70,
                "drawSize": 600,
                "lifetime": 30,
                "colors": [ "ff4444aa", "ff3333aa", "ff2222aa" ]
            }
        }
     ],
      "abilities": [
      {
          "type": "UnitSpawnAbility",
          "unit": "scepter",
          "spawnTime": 420,
          "spawnx": 0,
          "spawny": -12
      }
    ]
}
