{
    "localizedName": "Universal Colossus",
    "description": "Experimental T6 laser bot that does insane damage, but is incredibly slow",
    "commandLimit": 1,
    "type": "legs",
    "speed": 0.5,
    "drag": 0.5,
    "accel": 0.2,
    "strafePenalty": 0,
    "rotateSpeed": 2,
    "health": 64000,
    "armor": 26,
    "range": 350,
    "targetAir": false,
    "circleTarget": false,
    "hitSize": 48,
    "itemCapacity": 1000,
    "legCount": 4,
    "legMoveSpace": 1.5,
    "legLength": 14,
    "legExtension": -20,
    "legBaseOffset": 11,
    "landShake": 1,
    "legTrns": 0.58,
    "legLengthScl": 0.93,
    "rippleScale": 3,
    "legSpeed": 0.19,

    "legSplashDamage": 400,
    "legSplashRange": 60,

    "hovering": true,
    "allowLegStep": true,
    "visualElevation": 0.2,
    
    "singleTarget": true,
    "destructibleWreck": false,
    "flying": false,
    "weapons": [
        {
            "name": "arc-gun",
            "reload": 10,
            "x": 35,
            "y": 20,
            "mirror": false,
            "inaccuracy": 4,
            "shootY": -2,
            "top": true,
            "ignoreRotation": false,
            "shootX": 0,
            "bullet": {
                "lifetime": 30,
                "type": "LightningBulletType",
                "lightningLength": 40,
                "damage": 150
            },
            "shoot": {
                "type": "ShootSpread",
                "shots": 2,
                "spread": 12
            }
        },
        {
            "name": "arc-gun",
            "reload": 10,
            "x": -35,
            "shots": 2,
            "y": 20,
            "mirror": false,
            "inaccuracy": 4,
            "shootY": -2,
            "top": true,
            "ignoreRotation": false,
            "shootX": 0,
            "bullet": {
                "lifetime": 40,
                "type": "LightningBulletType",
                "lightningLength": 35,
                "damage": 125,
                "lightningColor": "44ff44aa",
                "collidesTeam": true,
                "healPercent": 10
            },
            "shoot": {
                "type": "ShootSpread",
                "shots": 2,
                "spread": 12
            }
        },
        {
            "name": "hyper-beam",
            "reload": 155,
            "x": 0,
            "y": 0,
            "shootX": 0,
            "parentizeEffects": true,
            "ignoreRotation": false,
            "shootY": 1,
            "continous": true,
            "cooldownTime": 200,
            "bullet": {
                "type": "ContinuousLaserBulletType",
                "damage": 100,
                "shake": 2,
                "length": 500,
                "drawSize": 500,
                "lifetime": 160,
                "colors": ["44ff44ff, 44ff44ff, 44ff44ff", "ffffffff"]
            },
            "shoot": {
                "firstShotDelay": 120
            }
        }
     ],
      "abilities": [
      {
          "type": "ForceFieldAbility",
          "radius": 80,
          "regen": 8,
          "max": 10000,
          "cooldown": 360
      }
    ]
}
