{
    "type": "flying",
    "isCounted": false,
    "name": "Deca",
    "localisedName": "Deca",
    "description": "Experimental T6 support ship. Pretty good.",
    "flying": true,
    "health": 68000,
    "armor": 20,
    "mineSpeed": 200,
    "mineTier": 7,
    "payloadCapacity": 1000,
    "buildSpeed": 20,
    "drag": 0.2,
    "speed": 3,
    "rotateSpeed": 3,
    "accel": 1,
    "itemCapacity": 2000,
    "engineOffset": 6,
    "hitSize": 48,
    "commandLimit": 1,
    "abilities": [
        {
            "type": "ForceFieldAbility",
            "radius": 150,
            "regen": 30,
            "max": 8000,
            "cooldown": 200
        },
        {
            "type": "RepairFieldAbility",
            "amount": 200,
            "reload": 120,
            "range": 200
        },
        {
            "type": "UnitSpawnAbility",
            "unit": "mega",
            "spawnTime": 180,
            "spawnx": 0,
            "spawny": -22
        }
    ],
    "weapons": [
        {
            "name": "small-mount-weapon",
            "top": false,
            "reload": 300,
            "x": 1,
            "y": 2,
            "ejectEffect": "casing2Double",
            "bullet": {
                "lifetime": 100,
                "type": "ArtilleryBulletType",
                "height": 60,
                "width": 60,
                "speed": 3,
                "frontColor": "44ff44",
                "backColor": "44ff44",
                "scaleVelocity": true,
                "makeFire": true,
                "hittable": true,
                "collidesTiles": false,
                "damage": 2000,
                "splashDamage": 2000,
                "splashDamageRadius": 70
            }
            
        }
    ]
}
