
{
    "type": "flying",
    "isCounted": false,
    "flying": true,
    "health": 60,
    "armor": 0,
    "name": "Mercy",
    "drag": 0.05,
    "speed": 5,
    "useUnitCap": false,
    "rotateSpeed": 3,
    "accel": 0.3,
    "itemCapacity": 10,
    "engineOffset": 4,
    "hitSize": 11,
    "commandLimit": 20,
    "weapons": [
        {
            "name": "the-shot",
            "top": false,
            "reload": 60,
            "x": 1,
            "y": 2,
            "inaccuracy": 0,
            "ejectEffect": "casing2Double",
            "bullet": {
                "type": "BasicBulletType",
                "width": 12,
                "height": 22,
                "speed": 4,
                "killShooter": true,
                "damage": 800,
                "splashDamage": 600,
                "splashDamageRadius": 10,
                "lifetime": 40,
                "shootEffect": "shootSmall",
                "smokeEffect": "shootSmallSmoke"
            }
        }
    ]
}
