{
    "type": "flying",
    "isCounted": true,
    "name": "Soul Ripper",
    "localisedName": "Soul Ripper",
    "description": "Experimental T6 gunship that stunlocks enemy units",
    "flying": true,
    "health": 90000,
    "armor": 20,
    "drag": 0.05,
    "speed": 1,
    "rotateSpeed": 2,
    "accel": 0.11,
    "itemCapacity": 1500,
    "ealt": 220,
    "engineOffset": 6,
    "hitSize": 120,
    "commandLimit": 1,
    "weapons": [
        {
            "name": "Chain Shredder",
            "reload": 2,
            "x": 0,
            "y": 20,
            "mirror": false,
            "inaccuracy": 8,
            "velocityRnd": 0.2,
            "shootY": -2,
            "top": true,
            "ignoreRotation": true,
            "shootX": 0,
            "bullet": {
                "type": "BasicBulletType",
                "height": 20,
                "width": 15,
                "speed": 6,
                "lifetime": 65,
                "scaleVelocity": false,
                "shootShake": 2,
                "damage": 80,
                "splashDamage": 40,
                "splashDamageRadius": 30,
                "collidesTiles": true,
                "collidesAir": true,
                "reflectable": true,
                "statusDuration": 15,
                "status": {
                    "name": "scared",
                    "disarm": "true",
                    "speedMultiplier": 0.5,
                    "damageMultiplier": 0.5,
                    "reloadMultiplier": 0.5,
                    "damage": 6
                }
            }
        }
     ],
      "abilities": [
      {
          "type": "UnitSpawnAbility",
          "unit": "horizon",
          "spawnTime": 20,
          "spawnx": 0,
          "spawny": -40
      }
    ]
}
