{
    "type": "naval",
    "isCounted": true,
    "name": "Super Triton",
    "localisedName": "Super Triton",
    "description": "Just look at the size of that cannon.",
    "boat": true,
    "health": 110000,
    "onmiMovement": "false",
    "armor": 20,
    "drag": 0.05,
    "speed": 0.3,
    "canBoost": true,
    "boostMultiplier": 2.5,
    "rotateShooting": false,
    "rotateSpeed": 1,
    "accel": 0.11,
    "itemCapacity": 7000,
    "ealt": 220,
    "engineOffset": 6,
    "hitSize": 90,
    "commandLimit": 1,
    "weapons": [
        {
            "name": "triton-blaster",
            "reload": 240,
            "x": 0,
            "y": 20,
            "mirror": false,
            "inaccuracy": 0,
            "velocityRnd": 0.7,
            "shootY": 0,
            "top": true,
            "ignoreRotation": true,
            "rotate": true,
            "shootX": 0,
            "bullet": {
                "type": "BasicBulletType",
                "length": 12,
                "width": 12,
                "speed": 14,
                "lifetime": 50,
                "shootShake": 2,
                "damage": 20,
                "splashDamage": 40,
                "splashDamageRadius": 40,
                "collidesTiles": true,
                "collidesAir": true,
                "reflectable": true,
                "statusDuration": 120,
                "makeFire": true
            },
            "shoot": {
                "spread": 0,
                "shots": 125
            }
        },
        {
            "name": "gunnn",
            "reload": 15,
            "x": 0,
            "y": 0,
            "mirror": false,
            "inaccuracy": 12,
            "velocityRnd": 0.5,
            "top": false,
            "bullet": {
                "type": "ArtilleryBulletType",
                "width": 10,
                "height": 10,
                "lifetime": 90,
                "speed": 3,
                "splashDamage": 140,
                "splashDamageRadius": 30,
                "collidesTiles": false,
                "damage": 10
            },
            "shoot": {
                "shots": 2
            }
        }
     ]
}
