{
    "type": "flying",
    "isCounted": false,
    "name": "GlassyGuy",
    "flying": true,
    "health": 150,
    "mineSpeed": 15,
    "mineTier": 5,
    "buildSpeed": 2,
    "drag": 0.05,
    "speed": 4,
    "rotateSpeed": 40,
    "accel": 1,
    "itemCapacity": 100,
    "ealt": 220,
    "engineOffset": 6,
    "hitSize": 11,
    "commandLimit": 5,
    "weapons": [
        {
            "name": "small-mount-weapon",
            "top": false,
            "reload": 40,
            "x": 1,
            "y": 2,
            "spacing": 2,
            "inaccuracy": 24,
            "shotDelay": 3,
            "ejectEffect": "casing2Double",
            "bullet": {
                "type": "MissileBulletType",
                "width": 6.5,
                "speed": 3,
                "collidesTiles": true,
                "damage": 20,
                "height": 11,
                "lifetime": 100,
                "buildingDamageMultiplier": 0.1,
                "homingPower": 0.5
            },
            "shoot": {
                "shots": 6
            }
        }
    ]
}