{
    "type": "flying",
    "isCounted": false,
    "flying": true,
    "health": 360,
    "name": "Leadguy",
    "description": "ah",
    "mineSpeed": 8,
    "mineTier": 3,
    "buildSpeed": 1,
    "drag": 0.05,
    "speed": 4,
    "rotateSpeed": 19,
    "accel": 0.11,
    "itemCapacity": 100,
    "ealt": 220,
    "engineOffset": 6,
    "hitSize": 11,
    "commandLimit": 5,
    "weapons": [
        {
            "name": "small-mount-weapon",
            "top": false,
            "reload": 15,
            "x": 1,
            "y": 2,
            "spacing": 2,
            "inaccuracy": 3,
            "shotDelay": 3,
            "ejectEffect": "casing2Double",
            "bullet": {
                "type": "BasicBulletType",
                "width": 6.5,
                "height": 11,
                "lifetime": 100,
                "shootEffect": "shootSmall",
                "smokeEffect": "shootSmallSmoke",
                "buildingDamageMultiplier": 0.10,
                "homingPower": 0.1
            },
            "shoot": {
                "shots": 2
            }
        }
    ]
}