{
    "type": "ItemTurret",
    "size": 2,
    "health": 3200,
    "range": 150,
    "reload": 60,
    "shots": 1,
    "spread": 0,
    "velocityInaccuracy": 0,
    "recoilAmount": 0.8,
    "inaccuracy": 0,
    "targetAir": true,
    "hasItems": true,
    "itemCapacity": 10,
    "maxAmmo": 60,
    "rotateSpeed": 3,
    "shootSound": "artillery",
    "ammoTypes": {
        "thorium": {
            "lifetime": 50,
            "type": "BasicBulletType",
            "height": 20,
            "width": 15,
            "pierce": true,
            "speed": 4,
            "collidesTiles": true,
            "damage": 130,
            "ammoMultiplier": 6,
            "smokeEffect": "shootBigSmoke",
            "shootEffect": "producesmoke"
        }
    },
    "requirements": [
        {
            "item": "thorium",
            "amount": 36
        }
    ],
    "category": "defense",
    "research": "thorium-wall-large"
}
