{
  "localizedName": "Два острова",
  "description": "Тут есть радон, можно создавать гипер сплав",
  "captureWave": 30,
  "difficulty": 4,
  "alwaysUnlocked": true,
  "addStartingItems": true,
  "startWaveTimeMultiplier": 6,
  "useAI": "false",
  "showSectorLandInfo": true,
  "planet": "Гебр",
  "name": "Два острова",
  "sector": 12,
  "loadout": "Деревянное ядро",
  "research": {
    "parent": "Алмазная жила"
}
}
