{
  "localizedName": "Ледяной залив",
  "description": "Астероид Кропр столкнулся с планетой Гебр и его жители переселились на эту планету, они создали лагерь",
  "difficulty": 6,
  "alwaysUnlocked": true,
  "addStartingItems": true,
  "startWaveTimeMultiplier": 3,
  "useAI": "false",
  "showSectorLandInfo": true,
  "planet": "Гебр",
  "name": "Ледяной залив",
  "sector": 24,
  "research": {
    "parent": "Деревянное ядро"
}
}
