{
  "localizedName": "Ураганный остров",
  "captureWave": 70,
  "description": "Остров в котором 70 волн! Очень сложно пройти"
  "difficulty": 10,
  "alwaysUnlocked": true,
  "addStartingItems": true,
  "startWaveTimeMultiplier": 3,
  "useAI": "false",
  "showSectorLandInfo": true,
  "planet": "Гебр",
  "name": "Ураганный остров",
  "sector": 21,
  "loadout": "Железное ядро",
  "research": {
    "parent": "Брокский перевал"
}
}
