{
    "type": "GenericCrafter",
    "health": 2400,
    "size": 3,
    "hasPower": true,
    "hasLiquids": true,
    "hasItems": true,
    "craftTime": 10000,
    "itemCapacity": 3000,
    "liquidCapacity": 1200,
    "craftEffect": "formsmoke",
    "outputItem": {
        "item": "nuke",
        "amount": 1
    },
    "consumes": {
        "power": 15,
        "liquid": {
            "liquid": "oil",
            "amount": 0.40
        },
        "items": {
            "items": [
                {
                    "item": "silicon",
                    "amount": 400
                },
                {
                    "item": "graphite",
                    "amount": 300
                },
                {
                    "item": "blast-compound",
                    "amount": 500
                },
                {
                    "item": "uranium",
                    "amount": 150
                }
            ]
        }
    },
    "requirements": [
        {
            "item": "silicon",
            "amount": 400
        },
        {
            "item": "phase-fabric",
            "amount": 200
        },
        {
            "item": "surge-alloy",
            "amount": 200
        },
        {
            "item": "zinq-good",
            "amount": 100
        }
    ],
    "category": "crafting",
    "research": "blast-mixer"
}
