{
    "type": "GenericCrafter",
    "health": 140,
    "size": 2,
    "hasLiquids": true,
    "hasItems": true,
    "craftTime": 40,
    "itemCapacity": 10,
    "liquidCapacity": 20,
    "craftEffect": "smeltsmoke",
    "outputItem": {
        "item": "pyratite",
        "amount": 1
    },
    "consumes": {
        "liquid": {
            "liquid": "slag",
            "amount": 0.3
        },
        "items": {
            "items": [{
                "item": "sand",
                "amount": 1
            }]
        }
    },
    "requirements": [
        {
            "item": "zinq",
            "amount": 30
        },
        {
            "item": "graphite",
            "amount": 20
        }
    ],
    "category": "crafting",
    "research": "melter"
}
