{
  "type": "ItemTurret",
  "name": "Alight",
  "description": "A fast-shooting rifle turret that uses coal as ammo. Sets enemies on fir",
  "size": 3,
  "squareSprite": false,
  "drawer": {
    "type": "DrawTurret",
    "basePrefix": "reinforced-",
    "parts": [
      {
        "type": "drawPartRegion",
        "recoilIndex": 0,
        "moveY": -3.5,
        "suffix": "-blade-l",
        "heatProgress": "recoil",
        "progress": "recoil"
      },
      {
        "type": "drawPartRegion",
        "recoilIndex": 1,
        "moveY": -3.5,
        "suffix": "-blade-r",
        "heatProgress": "recoil",
        "progress": "recoil"
      },
      {
        "type": "drawPartRegion",
        "moveY": -2,
        "suffix": "-side-r",
        "progress": "warmup"
      },
      {
        "type": "drawPartRegion",
        "moveY": -2,
        "suffix": "-side-l",
        "progress": "warmup"
      }
    ]
  },
  "consumes": {
    "coolant": {
      "liquid": "water",
      "booster": 2,
      "amount": 0.2,
      "coolantMultiplier": 1.5,
    },
  },
  "researchCostMultiplier": 0.2,
  "health": 1440,
  "reload": 25,
  "range": 240,
  "inaccuracy": 0,
  "recoil": 2,
  "rotateSpeed": 2,
  "shootSound": "shoot",
  "recoils": 2,
  "shoot": {
    "type": "ShootBarrel",
    "shotDelay": 3,
    "barrels": [
    -2.7, -6, 0,
    2.7, -6, 0,
    ]
  }
  "ammoTypes": {
    "coal": {
      "type": "basicBulletType",
        "sprite": "bullet",
        "damage": 30,
        "weaveScl": 1,
        "weaveMag": 1,
        "pierce": true,
        "pierceBuilding": false,
        "status": "burning",
        "statusDuration": 240,
        "speed": 4,
        "shrinkY": 0,
        "shrinkX": 0,
        "width": 6,
        "height": 6,
        "trailColor": "ea8878",
        "trailLength": 16,
        "trailWidth": 2,
        "lifetime": 80,
        "lightColor": "fdb380",
        "colorFrom": "fdb380",
        "colorTo": "ea8878"
      }
    },
  "requirements": [
    "silicon/125",
    "graphite/250",
    "beryllium/200"
  ],
  "category": "turret",
  "research": {
    "parent": "breach",
    "objectives": [
      "breach",
      {
        "type": "OnSector",
        "preset": "presence",
      }
    ]
  }
}
