{
  "type": "ItemTurret",
  "name": "Drought",
  "description": "Fires a slow projectile into your ground enemies. Deals Slpash damage on impact",
  "size": 3,
  "targetAir": false,
  "squareSprite": false,
  "drawer": {
    "type": "DrawTurret",
    "basePrefix": "reinforced-",
    "parts": [
      {
        "type": "RegionPart",
        "suffix": "-barrel",
        "progress": "recoil",
        "heatProgress": "recoil",
        "moveY": -2,
      },
      {
        "type": "RegionPart",
        "suffix": "-side-r",
        "progress": "warmup",
        "heatProgress": "warmup",
        "moveX": 1,
      },
      {
        "type": "RegionPart",
        "suffix": "-side-l",
        "progress": "warmup",
        "heatProgress": "warmup",
        "moveX": -1,
      }
    ]
  },
  
  "health": 1720,
  "reload": 120,
  "range": 240,
  "inaccuracy": 0,
  "recoil": 2,
  "rotateSpeed": 1,
  "shootSound": "bigshot",
  "ammoPerShot": 8,
  "itemCapacity": 24,
  "ammoTypes": {
    "sand": {
      "type": "basicBulletType",
        "sprite": "bullet",
        "ammoMultiplier": 1,
        "damage": 30,
        "splashDamage": 90,
        "splashDamageRadius": 48,
        "pierce": false,
        "pierceBuilding": false,
        "speed": 2,
        "shrinkY": 0,
        "shrinkX": 0,
        "width": 16,
        "height": 16,
        "lifetime": 120,
        "lightColor": "ffecd1",
        "colorFrom": "e3a76a",
        "colorTo": "e3a76a",
        "hitEffect": {
          "type": "WaveEffect",
          "lifetime": 40,
          "sizeFrom": 0,
          "sizeTo": 24,
          "strokeFrom": 4,
          "strokeTo": 0,
          "lightColor": "ffecd1",
          "colorFrom": "e3a76a",
          "colorTo": "e3a76a",
        },
        "despawnEffect": {
          "type": "WaveEffect",
          "lifetime": 40,
          "sizeFrom": 0,
          "sizeTo": 24,
          "strokeFrom": 4,
          "strokeTo": 0,
          "lightColor": "ffecd1",
          "colorFrom": "e3a76a",
          "colorTo": "e3a76a",
        },
      }
    },
  "requirements": [
    "beryllium/125",
    "silicon/200",
    "graphite/200"
  ],
  "category": "turret",
  "research": {
    "parent": "breach",
    "objectives": [
      "breach",
      {
        "type": "SectorComplete",
        "preset": "presence",
      }
    ]
  }
}
