{
  "type": "LiquidTurret",
  "name": "Shimmer",
  "description": "A fast-shooting anti-air turret that uses hydrogen as ammo.",
  "size": 3,
  "squareSprite": false,
  "targetGround": false,
  "drawer": {
    "type": "DrawTurret",
    "basePrefix": "reinforced-",
    "parts": [
      {
        "type": "RegionPart",
        "suffix": "-main",
        "progress": "warmup",
        "heatProgress": "warmup",
        "heatColor": "d1efffaa",
        "moveY": -3,
      },
      {
        "type": "RegionPart",
        "suffix": "-side-r",
        "progress": "warmup",
        "moveRot": 30,
        "moveX": 1,
        "moveY": -6,
      },
      {
        "type": "RegionPart",
        "suffix": "-side-l",
        "progress": "warmup",
        "moveRot": -30,
        "moveX": -1,
        "moveY": -6,
      }
    ]
  },
  
  "health": 1580,
  "shootY": 5
  "reload": 6,
  "range": 240,
  "inaccuracy": 8,
  "recoil": 0.4,
  "rotateSpeed": 2,
  "shootSound": "sap",
  "recoils": 2,
  "ammoTypes": {
    "hydrogen": {
      "type": "basicBulletType",
        "sprite": "bullet",
        "damage": 40,
        "pierce": true,
        "pierceBuilding": false,
        "speed": 8,
        "shrinkY": 0,
        "shrinkX": 0,
        "width": 6,
        "height": 6,
        "trailColor": "8ca9e8",
        "trailLength": 16,
        "trailWidth": 2,
        "lifetime": 30,
        "lightColor": "d1efff",
        "colorFrom": "d1efff",
        "colorTo": "8ca9e8"
      }
    },
  "requirements": [
    "tungsten/250",
    "silicon/175",
    "graphite/250"
  ],
  "category": "turret",
  "research": {
    "parent": "1-alight",
    "objectives": [
      "1-alight",
      "hydrogen",
    ]
  }
}
