{
    "type": "ItemTurret",
    "size": 2,
    "health": 1400,
    "range": 240,
    "reload": 20,
    "shots": 1,
    "spread": 0,
    "velocityInaccuracy": 0,
    "recoilAmount": 0.4,
    "inaccuracy": 0,
    "targetAir": true,
    "alternate": true,
    "hasItems": true,
    "itemCapacity": 200,
    "maxAmmo": 200,
    "rotateSpeed": 3,
    "hasPower": false,
    "shootSound": "artillery",
    "ammoTypes": {
        "bullet": {
            "lifetime": 55,
            "type": "BasicBulletType",
            "height": 30,
            "width": 18,
            "pierce": true,
            "pierceCap": 1,
            "speed": 5,
            "collidesTiles": true,
            "damage": 40,
            "ammoMultiplier": 200,
            "smokeEffect": "shootBigSmoke",
            "shootEffect": "producesmoke"
        }
    },
    "requirements": [
        {
            "item": "bullet",
            "amount": 12
        }
    ],
    "category": "defense",
    "research": "titanium-wall-large"
}
