{
    "type": "ItemTurret",
    "size": 4,
    "health": 3200,
    "range": 200,
    "reload": 20,
    "shots": 2,
    "spread": 0,
    "velocityInaccuracy": 0,
    "recoilAmount": 1,
    "inaccuracy": 3,
    "targetAir": true,
    "alternate": true,
    "hasItems": true,
    "itemCapacity": 200,
    "maxAmmo": 200,
    "rotateSpeed": 3,
    "hasPower": false,
    "shootSound": "artillery",
    "ammoTypes": {
        "bullet": {
            "lifetime": 35,
            "type": "BasicBulletType",
            "height": 30,
            "width": 18,
            "pierce": true,
            "pierceCap": 3,
            "speed": 6,
            "collidesTiles": true,
            "damage": 90,
            "splashDamage": 30,
            "splashDamageRadius": 20,
            "ammoMultiplier": 25,
            "smokeEffect": "shootBigSmoke",
            "shootEffect": "producesmoke"
        }
    },
    "requirements": [
        {
            "item": "bullet",
            "amount": 48
        }
    ],
    "category": "defense",
    "research": "bullet-wall"
}
