{
  "name": "Конвеер из Гиперсплава 2.0",
  "localizedName": "Конвеер из Гиперсплава 2.0",
  "description": "Лучший из конвееров, передвигает предметы пачками!",
  "category": "distribution",
  "destroyEffect": "doorclose",
  "speed": 0.35,
  "displayedSpeed": 3.5,
  "health": 700,
  "itemCapacity": 10,
  "acceptsItems": true,
  "requirements": [
    {
      "item": "Гипер сплав",
      "amount": 3
    }
  ],
  "research": "Конвеер из Гиперсплава",
  "type": "StackConveyor"
}