{
    "type": "ConsumeGenerator",
    "size": 4,
    "health": 1800,
    "emitLight": false,
    "hasPower": true,
    "hasLiquids": true,
    "hasItems": true,
    "baseExplosiveness": 1000,
    "itemDuration": 300,
    "buildCostMultiplier": 1.5,
    "update": true,
    "powerProduction": 420,
    "updateEffect": "melting",
    "consumes": {
        "items": {
            "items": [
                {
                    "item": "radicite",
                    "amount": 1
                }
            ]
        },
        "liquid": {
            "liquid": "water",
            "amount": 0.2
        }
    },

    "requirements": [
        {
            "item": "lead",
            "amount": 5000
        },
        {
            "item": "silicon",
            "amount": 4000
        },
        {
            "item": "graphite",
            "amount": 4000
        },
        {
            "item": "plastanium",
            "amount": 3000
        },
        {
            "item": "metaglass",
            "amount": 3000
        },
        {
            "item": "phase-fabric",
            "amount": 1000
        },
        {
            "item": "radicite",
            "amount": 400
        }
    ],
    "category": "power",
    "research": "impact-reactor"
}
