{
    "type": "PowerNode",
    "size": 2,
    "health": 60,
    "emitLight": true,
    "hasPower": true,
    "laserColor1": "ffffffff",
    "laserColor2": "ffffffff",
    "laserRange": 120,
    "baseExplosiveness": 250,
    "insulated": false,
    "maxNodes": 15,
    "requirements": [
        {
            "item": "phase-fabric",
            "amount": 20
        },
        {
            "item": "zinq-good",
            "amount": 10
        }
    ],
    "category": "power",
    "research": "zinc-node"
}
