{
    "localizedName": "Don't use this unit",
    "description": "Only exists for the megamace",
    "commandLimit": 9,
    "speed": 0.5,
    "drag": 0.5,
    "accel": 0.2,
    "strafePenalty": 0.8,
    "rotateSpeed": 2,
    "health": 6000,
    "armor": 0,
    "range": 400,
    "targetAir": false,
    "circleTarget": false,
    "hitSize": 24,
    "itemCapacity": 40,
    "rotateShooting": true,
    "lowAltitude": false,
    "destructibleWreck": false,
    "flying": false,
    "weapons": [
        {
            "name": "Gauss Artillery",
            "reload": 180,
            "x": 0,
            "y": 0,
            "mirror": false,
            "inaccuracy": 4,
            "velocityRnd": 0.1,
            "shootY": -2,
            "top": true,
            "ignoreRotation": false,
            "shootX": 0,
            "bullet": {
                "type": "ArtilleryBulletType",
                "height": 20,
                "width": 20,
                "speed": 2,
                "lifetime": 220,
                "scaleVelocity": true,
                "shootShake": 0.8,
                "damage": 200,
                "splashDamage": 300,
                "splashDamageRadius": 50,
                "collidesTiles": false,
                "collidesGround": false,
                "collidesAir": false,
                "reflectable": false
            }
        },
        {
            "name": "Direct-Fire Gauss Cannon",
            "reload": 40,
            "x": -4,
            "y": 2,
            "mirror": false,
            "spacing": 0,
            "spread": 0.5,
            "inaccuracy": 1,
            "velocityRnd": 0.1,
            "shootX": 0,
            "top": true,
            "ignoreRotation": false,
            "shootY": 1,
            "bullet": {
                "type": "BasicBulletType",
                "height": 4,
                "width": 4,
                "speed": 3,
                "lifetime": 140,
                "scaleVelocity": true,
                "damage": 10, 
                "collidesTiles": true,
                "collidesGround": true,
                "collidesAir": true,
                "reflectable": true
            },
            "shoot": {
                "shots": 4
            }
        },
        {
            "name": "Direct-Fire Gauss Cannon",
            "reload": 40,
            "x": 4,
            "y": 2,
            "mirror": false,
            "spacing": 0,
            "spread": 0.5,
            "inaccuracy": 1,
            "velocityRnd": 0.1,
            "shootX": 0,
            "top": true,
            "ignoreRotation": false,
            "shootY": 1,
            "bullet": {
                "type": "BasicBulletType",
                "height": 4,
                "width": 4,
                "speed": 3,
                "lifetime": 140,
                "scaleVelocity": true,
                "damage": 10,
                "collidesTiles": true,
                "collidesGround": true,
                "collidesAir": true,
                "reflectable": true
            },
            "shoot": {
                "shots": 4
            }
        },
        {
            "name": "Direct-Fire Gauss Cannon",
            "reload": 40,
            "x": -4,
            "y": -4,
            "mirror": false,
            "spacing": 0,
            "spread": 0.5,
            "inaccuracy": 1,
            "velocityRnd": 0.1,
            "shootX": 0,
            "top": true,
            "ignoreRotation": false,
            "shootY": 1,
            "bullet": {
                "type": "BasicBulletType",
                "height": 4,
                "width": 4,
                "speed": 3,
                "lifetime": 140,
                "scaleVelocity": true,
                "damage": 10,
                "collidesTiles": true,
                "collidesGround": true,
                "collidesAir": true,
                "reflectable": true
            }, 
            "shoot": {
                "shots": 4
            }
        },
        {
            "name": "Direct-Fire Gauss Cannon",
            "reload": 40,
            "x": 4,
            "y": -4,
            "mirror": false,
            "shots": 4,
            "spacing": 0,
            "spread": 0.5,
            "inaccuracy": 1,
            "lifetime": 140,
            "velocityRnd": 0.1,
            "shootX": 0,
            "top": true,
            "ignoreRotation": false,
            "shootY": 1,
            "bullet": {
                "type": "BasicBulletType",
                "height": 4,
                "width": 4,
                "speed": 3,
                "lifetime": 140,
                "scaleVelocity": true,
                "damage": 10,
                "collidesTiles": true,
                "collidesGround": true,
                "collidesAir": true,
                "reflectable": true
            }
        }
    ],
    "research": {
        "parent": "pillar",
        "requirements": [
          "silicon/3000"
        ]
      }
}
