{
    "type": "mech",
    "localizedName": "MA-12 Striker",
    "description": "Powerful land unit that is ineffective at turning.",
    "stepShake": 0,
    "commandLimit": 9,
    "speed": 1,
    "drag": 0.5,
    "accel": 0.2,
    "strafePenalty": 0.2,
    "rotateSpeed": 0.8,
    "health": 200,
    "armor": 1,
    "range": 180,
    "targetAir": false,
    "circleTarget": false,
    "hitSize": 5,
    "itemCapacity": 20,
    "crashDamageMultiplier": 4,
    "rotateShooting": true,
    "destructibleWreck": false,
    "weapons": [
        {
            "name": "ma12-weapon",
            "reload": 90,
            "mirror": false,
            "alternate": false,
            "x": 0,
            "y": 2,
            "shootX": 0,
            "rotate": false,
            "ignoreRotation": false,
            "shootY": 1,
            "bullet": {
                "type": "BasicBulletType",
                "height": 10,
                "width": 10,
                "lifetime": 60,
                "speed": 3,
                "damage": 50,
                "pierceCap": 1,
                "collidesTiles": true,
                "collidesGround": true,
                "collidesAir": true,
                "reflectable": true
            }
        }
    ],
    "research": {
        "parent": "mace",
        "requirements": [
          "silicon/3000"
        ]
      }
}