{
    "type": "mech",
    "localizedName": "Pillar",
    "description": "Powerful t2 land unit.",
    "stepShake": 0,
    "commandLimit": 9,
    "speed": 1,
    "drag": 0.5,
    "accel": 0.2,
    "strafePenalty": 0.2,
    "rotateSpeed": 3,
    "health": 500,
    "armor": 5,
    "range": 180,
    "targetAir": false,
    "circleTarget": false,
    "hitSize": 12,
    "itemCapacity": 40,
    "rotateShooting": true,
    "weapons": [
        {
            "name": "Direct-Fire Gauss Cannon",
            "reload": 120,
            "x": 0.5,
            "y": 2,
            "shootX": 0,
            "top": true,
            "ignoreRotation": false,
            "shootY": 1,
            "bullet": {
                "type": "BasicBulletType",
                "height": 16,
                "width": 8,
                "lifetime": 60,
                "speed": 3,
                "damage": 100,
                "pierceCap": 1,
                "collidesTiles": true,
                "collidesGround": true,
                "collidesAir": true,
                "reflectable": true
            }
        },
        {
            "name": "Direct-Fire Gauss Cannon",
            "reload": 120,
            "x": -0.5,
            "y": 2,
            "shootX": 0,
            "top": true,
            "ignoreRotation": false,
            "shootY": 1,
            "bullet": {
                "type": "BasicBulletType",
                "height": 16,
                "width": 8,
                "lifetime": 60,
                "speed": 3,
                "damage": 100,
                "pierceCap": 1,
                "collidesTiles": true,
                "collidesGround": true,
                "collidesAir": true,
                "reflectable": true
            }
        }
    ],
    "research": {
        "parent": "ma12",
        "requirements": [
          "silicon/3000"
        ]
      }
}