{
    "type": "mech",
    "localizedName": "Rock Head",
    "description": "Heavy tank with splash damage.",
    "stepShake": 0,
    "commandLimit": 9,
    "speed": 1,
    "strafePenalty": 0.2,
    "rotateSpeed": 3,
    "health": 1500,
    "armor": 12,
    "range": 180,
    "targetAir": false,
    "circleTarget": false,
    "hitSize": 12,
    "itemCapacity": 40,
    "rotateShooting": true,
    "weapons": [
        {
            "name": "Direct-Fire Gauss Cannon",
            "reload": 120,
            "x": -0.1,
            "y": 2,
            "shootX": 0,
            "top": true,
            "ignoreRotation": false,
            "shootY": 1,
            "bullet": {
                "type": "BasicBulletType",
                "height": 14,
                "width": 14,
                "lifetime": 60,
                "speed": 3,
                "damage": 100,
                "splashDamage": 75,
                "splashDamageRadius": 25,
                "pierceCap": 1,
                "collidesTiles": true,
                "collidesGround": true,
                "collidesAir": true,
                "reflectable": true
            }
        }
    ],
    "research": {
        "parent": "pillar",
        "requirements": [
            "silicon/3000"
        ]
    }
}