{
  "localizedName": "Comet",
  "description": "A small but very powerful gunship",
  "commandLimit": 5,
  "speed": 1.6,
  "accel": 0.08,
  "drag": 0.01,
  "health": 880,
  "armor": 7,
  "engineOffset": 5.5,
  "engineSize": 3,
  "range": 180,
  "hitSize": 15,
  "itemCapacity": 100,
  "crashDamageMultiplier": 4,
  "fallEffect": "coreBurn",
  "fallThrusterEffect": "none",
  "rotateShooting": true,
  "lowAltitude": false,
  "destructibleWreck": false,
  "flying": true,
  "weapons": [
    {
      "name": "laderino-6000",
      "x": 7,
      "y": -3,
      "shootY": 2,
      "recoil": 0.4,
      "reload": 90,
      "burstSpacing": 4,
      "inaccuracy": 120,
      "mirror": true,
      "ignoreRotation": true,
      "bullet": {
        "type": "MissileBulletType",
        "hitColor": 888888,
        "sprite": "missile",
        "hitEffect": "hitLiquid",
        "collidesTiles": true,
        "collidesGround": true,
        "collidesAir": true,
        "despawnEffect": "none",
        "frontColor": "6666ff",
        "trailColor": "6666ff",
        "backColor": "6666ff",
        "damage": 15,
        "width": 5,
        "height": 5,
        "shrinkY": 3,
        "speed": 3,
        "lifetime": 60,
        "homingPower": 4
      },
      "shoot": {
        "shots": 6
      }
    },
    {
      "name": "rail-weapon",
      "x": 0,
      "y": 6,
      "shootY": 2,
      "recoil": 0.8,
      "reload": 120,
      "inaccuracy": 0,
      "rotate": true,
      "ignoreRotation": false,
      "bullet": {
        "type": "BasicBulletType",
        "hitColor": 888888,
        "collidesTiles": true,
        "collidesGround": true,
        "collidesAir": true,
        "frontColor": "6666ff",
        "backColor": "ffffff",
        "damage": 50,
        "width": 10,
        "height": 20,
        "speed": 4,
        "lifetime": 50
      }
    },
    {
      "name": "side-rail-weapon",
      "x": -4,
      "y": 5,
      "shootY": 2,
      "recoil": 0.8,
      "reload": 80,
      "mirror": true,
      "inaccuracy": 0,
      "rotate": true,
      "ignoreRotation": false,
      "bullet": {
        "type": "BasicBulletType",
        "hitColor": 888888,
        "collidesTiles": true,
        "collidesGround": true,
        "collidesAir": true,
        "frontColor": "6666ff",
        "backColor": "ffffff",
        "damage": 30,
        "width": 5,
        "height": 10,
        "speed": 4,
        "lifetime": 50
      }
    }
  ],
  "research": {
    "parent": "asteroid",
    "requirements": [
      "silicon/7000",
      "thorium/3000",
      "zinq/4000"
    ]
  }
}
