{
  "localizedName": "Nebula",
  "description": "Essentially a flying tank",
  "commandLimit": 5,
  "speed": 0.8,
  "accel": 0.08,
  "drag": 0.01,
  "health": 7800,
  "armor": 10,
  "engineOffset": 5.5,
  "engineSize": 4,
  "range": 280,
  "hitSize": 25,
  "itemCapacity": 200,
  "crashDamageMultiplier": 8,
  "fallEffect": "coreBurn",
  "fallThrusterEffect": "none",
  "rotateShooting": true,
  "lowAltitude": false,
  "destructibleWreck": false,
  "flying": true,
  "weapons": [
    {
      "name": "laderino-6000",
      "x": 10,
      "y": -4,
      "shootY": 2,
      "recoil": 0.4,
      "reload": 60,
      "burstSpacing": 4,
      "inaccuracy": 120,
      "mirror": true,
      "ignoreRotation": true,
      "bullet": {
        "type": "MissileBulletType",
        "hitColor": 888888,
        "sprite": "missile",
        "hitEffect": "hitLiquid",
        "collidesTiles": true,
        "collidesGround": true,
        "collidesAir": true,
        "despawnEffect": "none",
        "frontColor": "6666ff",
        "trailColor": "6666ff",
        "backColor": "6666ff",
        "damage": 25,
        "width": 10,
        "height": 10,
        "shrinkY": 3,
        "speed": 2,
        "lifetime": 140,
        "homingPower": 4
      },
      "shoot": {
        "shots": 8
      }
    },
    {
      "name": "heavy-rail-weapon",
      "x": 0,
      "y": 8,
      "shootY": 2,
      "recoil": 0.8,
      "reload": 120,
      "inaccuracy": 0,
      "rotate": true,
      "ignoreRotation": false,
      "bullet": {
        "type": "BasicBulletType",
        "hitColor": 888888,
        "collidesTiles": true,
        "collidesGround": true,
        "collidesAir": true,
        "frontColor": "6666ff",
        "backColor": "ffffff",
        "damage": 400,
        "splashDamage": 400,
        "splashDamageRadius": 20,
        "width": 20,
        "height": 40,
        "speed": 4,
        "lifetime": 80
      }
    },
    {
      "name": "seeker-weapon",
      "x": -13,
      "y": 3,
      "shootY": 2,
      "recoil": 0.8,
      "reload": 40,
      "mirror": true,
      "inaccuracy": 10,
      "rotate": true,
      "ignoreRotation": false,
      "bullet": {
        "type": "BasicBulletType",
        "hitColor": 888888,
        "collidesTiles": true,
        "collidesGround": true,
        "collidesAir": true,
        "frontColor": "6666ff",
        "backColor": "ffffff",
        "damage": 30,
        "width": 10,
        "height": 20,
        "speed": 5,
        "lifetime": 60
      },
      "shoot": {
        "shots": 4
      }
    }
  ],
  "research": {
    "parent": "comet",
    "requirements": [
      "silicon/10000",
      "thorium/8000",
      "zinq/7000"
    ]
  }
}
