{
  "localizedName": "Satellite",
  "description": "Shoots bursts of homing missiles",
  "commandLimit": 7,
  "speed": 1.4,
  "accel": 0.08,
  "drag": 0.01,
  "health": 130,
  "engineOffset": 5.5,
  "engineSize": 2,
  "range": 80,
  "hitSize": 8,
  "itemCapacity": 20,
  "crashDamageMultiplier": 4,
  "fallEffect": "coreBurn",
  "fallThrusterEffect": "none",
  "rotateShooting": true,
  "lowAltitude": false,
  "destructibleWreck": false,
  "flying": true,
  "weapons": [
    {
      "name": "seeker-weapon",
      "x": 0,
      "y": 3,
      "shootY": 2,
      "recoil": 0.4,
      "reload": 45,
      "burstSpacing": 4,
      "inaccuracy": 14,
      "rotate": true,
      "ignoreRotation": true,
      "bullet": {
        "type": "MissileBulletType",
        "hitColor": 888888,
        "sprite": "missile",
        "hitEffect": "hitLiquid",
        "collidesTiles": true,
        "collidesGround": true,
        "collidesAir": true,
        "despawnEffect": "none",
        "frontColor": "6666ff",
        "trailColor": "6666ff",
        "backColor": "6666ff",
        "damage": 20,
        "width": 5,
        "height": 5,
        "shrinkY": 3,
        "speed": 3,
        "lifetime": 30,
        "homingPower": 2
      },
      "shoot": {
        "shots": 3
      }
    }
  ],
  "research": {
    "parent": "flare",
    "requirements": [
      "silicon/1000",
      "zinq/500"
    ]
  }
}
