  
{
  "localizedName": "Supernova",
  "description": "A space fleet joined together and suited for battle.",
  "commandLimit": 5,
  "speed": 0.4,
  "accel": 0.08,
  "drag": 0.01,
  "health": 26000,
  "armor": 12,
  "engineOffset": 8,
  "engineSize": 6,
  "range": 280,
  "hitSize": 40,
  "itemCapacity": 500,
  "crashDamageMultiplier": 8,
  "fallEffect": "coreBurn",
  "fallThrusterEffect": "none",
  "rotateShooting": true,
  "lowAltitude": false,
  "destructibleWreck": false,
  "flying": true,
  "weapons": [
    {
      "name": "laderino-6000",
      "x": 16,
      "y": -4,
      "shootY": 2,
      "recoil": 0.4,
      "reload": 5,
      "inaccuracy": 120,
      "mirror": true,
      "ignoreRotation": true,
      "bullet": {
        "type": "MissileBulletType",
        "hitColor": 888888,
        "sprite": "missile",
        "hitEffect": "hitLiquid",
        "collidesTiles": true,
        "collidesGround": true,
        "collidesAir": true,
        "despawnEffect": "none",
        "frontColor": "6666ff",
        "trailColor": "6666ff",
        "backColor": "6666ff",
        "damage": 30,
        "width": 10,
        "height": 10,
        "shrinkY": 3,
        "speed": 2,
        "lifetime": 180,
        "homingPower": 4
      }
    },
    {
      "name": "heavy-rail-weapon",
      "x": 0,
      "y": 16,
      "shootY": 2,
      "recoil": 0.8,
      "reload": 120,
      "inaccuracy": 0,
      "rotate": true,
      "ignoreRotation": true,
      "bullet": {
        "type": "BasicBulletType",
        "hitColor": 888888,
        "collidesTiles": true,
        "collidesGround": true,
        "collidesAir": true,
        "frontColor": "6666ff",
        "backColor": "ffffff",
        "damage": 600,
        "splashDamage": 600,
        "splashDamageRadius": 40,
        "width": 20,
        "height": 40,
        "speed": 4,
        "lifetime": 80
      }
    },
    {
      "name": "heavy-rail-weapon",
      "x": 20,
      "y": 6,
      "shootY": 2,
      "recoil": 1,
      "reload": 120,
      "inaccuracy": 0,
      "rotate": true,
      "mirror": true,
      "ignoreRotation": true,
      "bullet": {
        "type": "BasicBulletType",
        "hitColor": 888888,
        "collidesTiles": true,
        "collidesGround": true,
        "collidesAir": true,
        "frontColor": "6666ff",
        "backColor": "ffffff",
        "damage": 600,
        "splashDamage": 600,
        "splashDamageRadius": 40,
        "width": 20,
        "height": 40,
        "speed": 4,
        "lifetime": 80
      }
    },
    {
      "name": "seeker-weapon",
      "x": -13,
      "y": -12,
      "shootY": 2,
      "recoil": 0.8,
      "reload": 40,
      "mirror": true,
      "inaccuracy": 10,
      "rotate": true,
      "ignoreRotation": false,
      "bullet": {
        "type": "BasicBulletType",
        "hitColor": 888888,
        "collidesTiles": true,
        "collidesGround": true,
        "collidesAir": true,
        "frontColor": "6666ff",
        "backColor": "ffffff",
        "damage": 50,
        "width": 10,
        "height": 20,
        "speed": 5,
        "lifetime": 60
      },
      "shoot": {
        "shots": 4
      }
    },
    {
      "name": "seeker-weapon",
      "x": -13,
      "y": 17,
      "shootY": 2,
      "recoil": 0.8,
      "reload": 40,
      "mirror": true,
      "inaccuracy": 10,
      "rotate": true,
      "ignoreRotation": false,
      "bullet": {
        "type": "BasicBulletType",
        "hitColor": 888888,
        "collidesTiles": true,
        "collidesGround": true,
        "collidesAir": true,
        "frontColor": "6666ff",
        "backColor": "ffffff",
        "damage": 50,
        "width": 10,
        "height": 20,
        "speed": 5,
        "lifetime": 60
      },
      "shoot": {
        "shots": 4
      }
    }
  ],
  "research": {
    "parent": "nebula",
    "requirements": [
      "silicon/30000",
      "thorium/12000",
      "zinq-good/3000"
    ]
  }
}
