{
    "name": "Graphite Decompressor",
    "description": "Decompresses Graphite into Coal",
    "type": "GenericCrafter",
    "health": 240,
    "outputItems": [
        "coal/2"
    ],
    "consumes": {
        "power": 2,
        "items": [
          "graphite/1",
        ],
    },
    "drawer": {
        "type": "DrawMulti",
        "drawers": [
          {
            "type": "DrawDefault"
          },
          {
            "type": "DrawGlowRegion",
            "color": "fdb380"
          },
          {
            "type": "DrawCrucibleFlame",
            "flameColor": "fdb380",
            "particleRad": 12,
            "particleSize": 1,
            "particleColor": "fdb380"
          }
        ]
    },
    "size": 3,
    "squareSprite": false,
    "hasPower": true,
    "hasItems": true,
    "itemCapacity": 30,
    "craftTime": 120,
    "updateEffect": "pulverize",
    "category": "crafting",
    "research": {
        "parent": "silicon-arc-furnace",
        "objectives": [
            "silicon-arc-furnace",
            {
                "type": "OnSector",
                "preset": "presence",
            }
        ]
    },
    "requirements": [
      "graphite/80",
      "silicon/40",
      "beryllium/40"
    ]
}
