{
    "name": "Silicon Blast Crucible",
    "description": "An upgraded version of the Silicon Arc Furnace",
    "type": "HeatCrafter",
    "health": 1440,
    "outputItem": {"item": "silicon", "amount": 20},
    "consumes": {
        "power": 18,
        "items": [
          "sand/16",
          "graphite/3",
        ],
        "liquids": [
          "nitrogen/0.2"
        ]
    },
    "drawer": {
        "type": "DrawMulti",
        "drawers": [
          {
            "type": "DrawRegion",
            "suffix": "-bottom"
          },
          {
            "type": "DrawCrucibleFlame"
          },
          {
            "type": "DrawDefault"
          },
          {
            "type": "DrawHeatInput"
          },
          {
            "type": "DrawArcSmelt",
          }
        ]
    },
    "squareSprite": false,
    "size": 5,
    "hasPower": true,
    "hasItems": true,
    "hasLiquids": true,
    "liquidCapacity": 120,
    "itemCapacity": 120,
    "heatRequirement": 20,
    "craftTime": 120,
    "researchCostMultiplier": 0.05,
    "updateEffect": "pulverize",
    "category": "crafting",
    "research": "silicon-arc-furnace",
    "requirements": [
      "beryllium/800",
      "silicon/800",
      "tungsten/480",
      "oxide/320",
      "static-compound/320",
      "carbide/320"
    ],
}
