{
  "name": "Walker Fabricator",
  "description": "Constructs Walker-type Inch units",
  "type": "UnitFactory",
  "regionSuffix": "-dark",
  "size": 3,
  "configurable": false,
  "category": "units",
  "consumes": {
    "power": 2
  },
  "plans": [
    {
      "unit": "a1-inch",
      "requirements": [
        "silicon/70",
        "graphite/70"
      ],
      "time": 2700
    },
  ],
  "research": "tank-fabricator",
  "requirements": [
    "beryllium/260",
    "silicon/260",
    "tungsten/80"
  ]
}
