{
  "name": "Hunter Fabricator",
  "description": "Constructs Hunter-type Letter units",
  "type": "UnitFactory",
  "regionSuffix": "-dark",
  "size": 3,
  "configurable": false,
  "category": "units",
  "consumes": {
    "power": 2
  },
  "plans": [
    {
      "unit": "b1-letter",
      "requirements": [
        "silicon/80",
        "coal/30"
      ],
      "time": 2400
    },
  ],
  "research": {
    "parent": "tank-fabricator",
    "objectives": [
      "tank-fabricator",
      {
        "type": "OnSector",
        "preset": "presence",
      }
    ]
  },
  "requirements": [
    "beryllium/200",
    "silicon/200",
    "graphite/300",
  ]
}
