{
  "name": "Plane Fabricator",
  "description": "Constructs Support Plane-type Magnet units",
  "type": "UnitFactory",
  "regionSuffix": "-dark",
  "size": 3,
  "configurable": false,
  "category": "units",
  "consumes": {
    "power": 2
  },
  "plans": [
    {
      "unit": "d1-magnet",
      "requirements": [
        "silicon/40",
        "tungsten/20"
      ],
      "time": 1500
    },
  ],
  "research": {
    "parent": "ship-fabricator",
    "objectives": [
      "ship-fabricator",
      "mech-refabricator"
    ]
  },
  "requirements": [
    "beryllium/200",
    "tungsten/120",
    "silicon/160"
  ]
}
