{
    "type": "ItemTurret",
    "size": 2,
    "health": 300,
    "range": 175,
    "reload": 5,
    "shots": 2,
    "inaccuracy": 5,
    "targetAir": false,
    "targetGround": true,
    "shootCone": 4,
    "spread": 2,
    "restitution": 0.05,
    "rotateSpeed": 3,
    "maxAmmo": 100,
    "itemCapacity": 100,
    "shootSound": "laser",
    "emitLight": true,
    "lightRadius": 100,
    "ammoTypes": {
        "zinq": {
            "lifetime": 60,
            "type": "LightningBulletType",
            "lightningLength": 30,
            "damage": 20,
            "ammoMultiplier": 2
        },
        "nuke": {
            "lifetime": 100,
            "type": "LightningBulletType",
            "lightningLength": 100,
            "maxRange": 600, 
            "damage": 150,
            "ammoMultiplier": 100
        },
        "zinq-good": {
            "lifetime": 60,
            "type": "LightningBulletType",
            "lightningLength": 30,
            "damage": 50,
            "ammoMultiplier": 4,
            "reloadMultiplier": 0.5
        }
    },
    "coolantMultiplier": 1,
    "consumes": {
        "coolant": {
            "liquid": "water",
            "amount": 0.5,
            "optional": true,
            "booster": true
        }
    },
    "requirements": [
        {
            "item": "zinq",
            "amount": 200
        },
        {
            "item": "silicon",
            "amount": 80
        },
        {
            "item": "graphite",
            "amount": 80
        },
        {
            "item": "lead",
            "amount": 200
        }
    ],
    "category": "turret",
    "research": "arc"
}