{
    "type": "ItemTurret",
    "size": 5,
    "health": 3000,
    "range": 240,
    "minRange": 0,
    "reload": 90,
    "velocityRnd": 0.1,
    "recoilAmount": 6,
    "hasItems": true,
    "itemCapacity": 20,
    "targetAir": true,
    "inaccuracy": 18,
    "maxAmmo": 20,
    "rotateSpeed": 3,
    "shootSound": "artillery",
    "shoot": {
        "shots": 9,
        "shake": 2,
        "spread": 0
    },
    "ammoTypes": {
        "uranium": {
            "lifetime": 90,
            "type": "BasicBulletType",
            "height": 40,
            "width": 20,
            "collidesTiles": true,
            "damage": 700,
            "speed": 3,
            "ammoMultiplier": 1,
            "smokeEffect": "shootBigSmoke",
            "shootEffect": "producesmoke"
        },
        "bullet": {
            "lifetime": 75,
            "type": "BasicBulletType",
            "height": 40,
            "width": 20,
            "collidesTiles": true,
            "damage": 400,
            "splashDamage": 200,
            "splashDamageRadius": 15,
            "speed": 4,
            "ammoMultiplier": 2,
            "smokeEffect": "shootBigSmoke",
            "shootEffect": "producesmoke"
        }
    },
    "coolantMultiplier": 1,
    "consumes": {
        "coolant": {
            "liquid": "water",
            "amount": 0.5,
            "optional": true,
            "booster": true
        }
    },
    "requirements": [
        {
            "item": "lead",
            "amount": 2000
        },
        {
            "item":  "plastanium",
            "amount": 600
        },
        {
            "item": "thorium",
            "amount": 1000
        },
        {
            "item": "radicite",
            "amount": 250
        }
    ],
    "category": "turret",
    "research": "spectre"
}
