{
    "type": "ItemTurret",
    "size": 4,
    "health": 800,
    "range": 5000,
    "minRange": 1,
    "reload": 240,
    "velocityRnd": 12,
    "recoilAmount": 0,
    "hasItems": true,
    "itemCapacity": 12,
    "inaccuracy": 0,
    "maxAmmo": 1,
    "targetAir": false,
    "rotateSpeed": 12,
    "shootSound": "artillery",
    "shoot": {
        "type": "ShootSpread",
        "shots": 360,
        "spread": 6
    },
    "ammoTypes": {
        "nuke": {
            "lifetime": 240,
            "type": "BasicBulletType",
            "height": 12,
            "width": 12,
            "pierce": true,
            "collidesTiles": false,
            "damage": 1250,
            "splashDamage": 1,
            "splashDamageRadius": 1,
            "ammoMultiplier": 1,
            "smokeEffect": "shootBigSmoke",
            "shootEffect": "producesmoke"
        }
    },
    "coolantMultiplier": 1,
    "consumes": {
        "coolant": {
            "liquid": "water",
            "amount": 0.5,
            "optional": true,
            "booster": true
        }
    },
    "requirements": [
        {
            "item": "metaglass",
            "amount": 600
        },
        {
            "item": "plastanium",
            "amount": 300
        },
        {
            "item": "phase-fabric",
            "amount": 100
        },
        {
            "item": "zinq-good",
            "amount": 75
        }
    ],
    "category": "turret",
    "research": "nuke-cilo"
}
