{
    "type": "ItemTurret",
    "size": 1,
    "health": 150,
    "range": 250,
    "minRange": 11,
    "reload": 200,
    "velocityRnd": 0,
    "recoilAmount": 1,
    "hasItems": true,
    "itemCapacity": 20,
    "inaccuracy": 0,
    "maxAmmo": 24,
    "ammoPerShot": 6,
    "targetAir": false,
    "rotateSpeed": 2,
    "shootSound": "artillery",
    "ammoTypes": {
        "copper": {
            "lifetime": 1000,
            "type": "ArtilleryBulletType",
            "height": 1,
            "width": 1,
            "collidesTiles": false,
            "damage": 135,
            "splashDamage": 135,
            "splashDamageRadius": 10,
            "ammoMultiplier": 1,
            "trailInterval": 0.1,
            "trailLength": 1,
            "trailColor": "b87333",
            "smokeEffect": "shootBigSmoke",
            "shootEffect": "shootBig",
            "speed": 10
        },
        "zinq": {
            "lifetime": 1000,
            "type": "ArtilleryBulletType",
            "height": 1,
            "width": 1,
            "collidesTiles": false,
            "damage": 225,
            "splashDamage": 225,
            "splashDamageRadius": 10,
            "ammoMultiplier": 1,
            "trailInterval": 0.1,
            "trailLength": 1,
            "trailColor": "7575C8",
            "smokeEffect": "shootBigSmoke",
            "shootEffect": "shootBig",
            "speed": 10
        },
        "bullet": {
            "lifetime": 1100,
            "type": "ArtilleryBulletType",
            "height": 2,
            "width": 2,
            "collidesTiles": false,
            "damage": 400,
            "splashDamage": 400,
            "splashDamageRadius": 25,
            "ammoMultiplier": 4,
            "trailInterval": 0.1,
            "trailLength": 1,
            "trailColor": "666666",
            "smokeEffect": "shootBigSmoke",
            "shootEffect": "shootBig",
            "speed": 11
        },
        "quartz": {
            "lifetime": 1000,
            "type": "ArtilleryBulletType",
            "height": 1,
            "width": 1,
            "collidesTiles": false,
            "damage": 500,
            "splashDamage": 500,
            "splashDamageRadius": 20,
            "ammoMultiplier": 1,
            "trailInterval": 0.1,
            "trailLength": 1,
            "trailColor": "ffffff",
            "smokeEffect": "shootBigSmoke",
            "shootEffect": "shootBig",
            "speed": 10
        },
        "zinq-good": {
            "lifetime": 1000,
            "type": "ArtilleryBulletType",
            "height": 1,
            "width": 1,
            "collidesTiles": false,
            "damage": 500,
            "splashDamage": 500,
            "splashDamageRadius": 12,
            "ammoMultiplier": 10,
            "trailInterval": 0.1,
            "trailLength": 1,
            "trailColor": "7575C8",
            "smokeEffect": "shootBigSmoke",
            "shootEffect": "shootBig",
            "speed": 10
        }
    },
    "coolantMultiplier": 1,
    "consumes": {
        "coolant": {
            "liquid": "water",
            "amount": 0.5,
            "optional": true,
            "booster": true
        }
    },
    "requirements": [
        {
            "item": "copper",
            "amount": 75
        },
        {
            "item": "lead",
            "amount": 50
        }
    ],
    "category": "turret",
    "research": "hail"
}
