{
    "type": "LiquidTurret",
    "size": 4,
    "health": 800,
    "range": 250,
    "minRange": 1,
    "reload": 3,
    "velocityRnd": 0.2,
    "inaccuracy": 2,
    "shootCone": 8,
    "recoilAmount": 0.1,
    "hasLiquids": true,
    "liquidCapacity": 500,
    "targetAir": true,
    "rotateSpeed": 12,
    "shootSound": "liquid",
    "ammoTypes": {
        "water": {
            "type": "LiquidBulletType",
            "liquid": "water",
            "lifetime": 62,
            "speed": 4,
            "knockback": 1.7,
            "puddleSize": 8,
            "orbSize": 4,
            "drag": 0.001,
            "statusDuration": 240,
            "ammoMultiplier": 0.4,
            "damage": 10
        },
        "cryofluid": {
            "type": "LiquidBulletType",
            "liquid": "cryofluid",
            "lifetime": 62,
            "speed": 4,
            "knockback": 2,
            "puddleSize": 6,
            "orbSize": 4,
            "drag": 0.002,
            "statusDuration": 240,
            "ammoMultiplier": 1,
            "damage": 15
        },
        "fryzenite": {
            "type": "LiquidBulletType",
            "liquid": "fryzenite",
            "lifetime": 50,
            "speed": 5,
            "knockback": 5,
            "puddleSize": 6,
            "orbSize": 8,
            "drag": 0.002,
            "statusDuration": 480,
            "reloadMultiplier": 2,
            "ammoMultiplier": 1,
            "damage": 90
        },
        "oil": {
            "type": "LiquidBulletType",
            "liquid": "oil",
            "lifetime": 62,
            "speed": 4,
            "knockback": -5,
            "puddleSize": 6,
            "orbSize": 4,
            "drag": 0.002,
            "statusDuration": 240,
            "ammoMultiplier": 1,
            "damage": 20
        },
        "slag": {
            "type": "LiquidBulletType",
            "liquid": "slag",
            "lifetime": 62,
            "speed": 4,
            "knockback": 2,
            "puddleSize": 12,
            "orbSize": 8,
            "drag": 0.002,
            "statusDuration": 240,
            "ammoMultiplier": 1,
            "damage": 40
        },
        "jungle-juice": {
            "type": "LiquidBulletType",
            "liquid": "jungle-juice",
            "lifetime": 32,
            "speed": 8,
            "knockback": 3,
            "puddleSize": 3,
            "orbSize": 5,
            "drag": 0.002,
            "ammoMultiplier": 1,
            "damage": 50
        }
    },
    "requirements": [
        {
            "item": "metaglass",
            "amount": 350
        },
        {
            "item": "plastanium",
            "amount": 250
        },
        {
            "item": "zinq-good",
            "amount": 50
        }
    ],
    "category": "turret",
    "research": "tsunami"
}
