{
    "type": "ItemTurret",
    "size": 5,
    "health": 1800,
    "range": 300,
    "reload": 60,
    "inaccuracy": 0,
    "targetGround": true,
    "shootCone": 4,
    "spread": 2,
    "restitution": 0.05,
    "rotateSpeed": 3,
    "maxAmmo": 10,
    "itemCapacity": 10,
    "targetAir": true,
    "shootSound": "laser",
    "emitLight": true,
    "lightRadius": 100,
    "ammoTypes": {
        "radicite": {
            "type": "LaserBulletType",
            "damage": 1800,
            "pierceCap": 100,
            "speed": 0.1,
            "height": 100,
            "width": 60,
            "length": 350,
            "hitSize": 70,
            "drawSize": 600,
            "lifetime": 30,
            "frontColor": "AA00AA",
            "backColor": "FFFFFF"
        },
        "nuke": {
            "type": "LaserBulletType",
            "damage": 5000,
            "pierceCap": 200,
            "speed": 0.1,
            "height": 100,
            "width": 60,
            "length": 400,
            "hitSize": 60,
            "drawSize": 600,
            "lifetime": 30,
            "ammoMultiplier": 10,
            "frontColor": "220022",
            "backColor": "000000"
        }
    },
    "coolantMultiplier": 1,
    "consumes": {
        "coolant": {
            "liquid": "water",
            "amount": 0.5,
            "optional": true,
            "booster": true
        }
    },
    "requirements": [
        {
            "item": "lead",
            "amount": 2000
        },
        {
            "item": "silicon",
            "amount": 600
        },
        {
            "item": "uranium",
            "amount": 500
        },
        {
            "item": "radicite",
            "amount": 250
        }
    ],
    "category": "turret",
    "research": "meltdown"
}
