{
    "type": "ItemTurret",
    "size": 3,
    "health": 800,
    "range": 1000,
    "minRange": 100,
    "reload": 90,
    "velocityRnd": 0.1,
    "recoilAmount": 1,
    "hasItems": true,
    "itemCapacity": 12,
    "inaccuracy": 12,
    "maxAmmo": 1,
    "targetAir": false,
    "rotateSpeed": 2,
    "shootSound": "artillery",
    "ammoTypes": {
        "quartz": {
            "lifetime": 1000,
            "type": "ArtilleryBulletType",
            "height": 30,
            "width": 12,
            "collidesTiles": false,
            "damage": 60,
            "splashDamage": 100,
            "splashDamageRadius": 15,
            "ammoMultiplier": 1,
            "smokeEffect": "shootBigSmoke",
            "shootEffect": "producesmoke"
        },
        "bullet": {
            "lifetime": 1000,
            "type": "ArtilleryBulletType",
            "height": 60,
            "width": 22,
            "knockback": 200,
            "collidesTiles": false,
            "damage": 100,
            "splashDamage": 75,
            "splashDamageRadius": 25,
            "ammoMultiplier": 1,
            "smokeEffect": "shootBigSmoke",
            "shootEffect": "producesmoke"
        },
        "blast-compound": {
            "lifetime": 1000,
            "type": "ArtilleryBulletType",
            "height": 30,
            "width": 12,
            "collidesTiles": false,
            "damage": 20,
            "splashDamage": 75,
            "splashDamageRadius": 40,
            "ammoMultiplier": 1,
            "smokeEffect": "shootBigSmoke",
            "shootEffect": "producesmoke"
        }
    },
    "coolantMultiplier": 1,
    "consumes": {
        "coolant": {
            "liquid": "water",
            "amount": 0.5,
            "optional": true,
            "booster": true
        }
    },
    "requirements": [
        {
            "item": "lead",
            "amount": 500
        },
        {
            "item":  "graphite",
            "amount": 300
        },
        {
            "item": "thorium",
            "amount": 200
        },
        {
            "item": "phase-fabric",
            "amount": 75
        }
    ],
    "category": "turret",
    "research": "ripple"
}
