{
    "type": "ItemTurret",
    "size": 3,
    "health": 800,
    "range": 1500,
    "minRange": 100,
    "reload": 300,
    "velocityRnd": 0.1,
    "recoilAmount": 1,
    "hasItems": true,
    "itemCapacity": 12,
    "inaccuracy": 4,
    "maxAmmo": 1,
    "targetAir": false,
    "rotateSpeed": 2,
    "shootSound": "artillery",
    "ammoTypes": {
        "nuke": {
            "lifetime": 1000,
            "type": "ArtilleryBulletType",
            "height": 30,
            "absorbable": false,
            "hittable": true,
            "makeFire": true,
            "width": 12,
            "collidesTiles": false,
            "splashDamage": 3000,
            "splashDamageRadius": 200,
            "ammoMultiplier": 1,
            "smokeEffect": "shootBigSmoke",
            "shootEffect": "producesmoke"
        }
    },
    "coolantMultiplier": 1,
    "consumes": {
        "coolant": {
            "liquid": "water",
            "amount": 0.5,
            "optional": true,
            "booster": true
        }
    },
    "requirements": [
        {
            "item": "lead",
            "amount": 500
        },
        {
            "item": "zinq",
            "amount": 400
        },
        {
            "item": "graphite",
            "amount": 250
        },
        {
            "item": "silicon",
            "amount": 250
        },
        {
            "item": "titanium",
            "amount": 300
        },
        {
            "item": "metaglass",
            "amount": 200
        },
        {
            "item": "radicite",
            "amount": 200
        }
    ],
    "category": "turret",
    "research": "LRA"
}