{
    "type": "ItemTurret",
    "size": 5,
    "health": 4000,
    "range": 480,
    "minRange": 0,
    "reload": 10,
    "velocityRnd": 0.2,
    "inaccuracy": 16,
    "shootCone": 8,
    "recoilAmount": 1,
    "hasItems": true,
    "maxAmmo": 50,
    "itemCapacity": 50,
    "targetAir": true,
    "targetGround": false,
    "rotateSpeed": 16,
    "shootSound": "artillery",
    "shoot": {
        "shots": 2,
        "spread": 0
    },
    "ammoTypes": {
        "plastanium": {
            "type": "FlakBulletType",
            "damage": 220,
            "height": 20,
            "width": 10,
            "explodeRange": 60,
            "speed": 14,
            "lifetime": 36,
            "collidesTiles": false,
            "ammoMultiplier": 5
            "fragSpread": 20,
            "fragBullets": 18,
            "fragBullet": {
                "type": "FlakBulletType"
                "damage": 125,
                "height": 10,
                "width": 5,
                "speed": 7,
                "lifetime": 5,
                "collidesTiles": false
            }
        },
        "bullet": {
            "type": "FlakBulletType",
            "damage": 300,
            "height": 20,
            "width": 10,
            "explodeRange": 60,
            "speed": 14,
            "lifetime": 36,
            "collidesTiles": false,
            "ammoMultiplier": 5
            "fragSpread": 20,
            "fragBullets": 18,
            "fragBullet": {
                "type": "FlakBulletType"
                "damage": 80,
                "height": 10,
                "width": 5,
                "speed": 7,
                "lifetime": 8,
                "collidesTiles": false
            }
        },
        "quartz": {
            "type": "FlakBulletType",
            "damage": 280,
            "height": 20,
            "width": 10,
            "explodeRange": 60,
            "speed": 14,
            "lifetime": 36,
            "collidesTiles": false,
            "ammoMultiplier": 15
            "fragSpread": 20,
            "fragBullets": 18,
            "fragBullet": {
                "type": "FlakBulletType"
                "damage": 150,
                "height": 10,
                "width": 5,
                "speed": 7,
                "lifetime": 5,
                "collidesTiles": false
            }
        }
    },
    "coolantMultiplier": 2,
    "consumes": {
        "coolant": {
            "liquid": "water",
            "amount": 0.5,
            "optional": true,
            "booster": true
        }
    },
    "requirements": [
        {
            "item": "titanium",
            "amount": 3000
        },
        {
            "item": "graphite",
            "amount": 2000
        },
        {
            "item": "plastanium",
            "amount": 3000
        },
        {
            "item": "radicite",
            "amount": 350
        }
    ],
    "category": "turret",
    "research": "foreshadow"
}
