{
    "type": "PowerTurret",
    "size": 2,
    "health": 1400,
    "range": 160,
    "reload": 20,
    "velocityRnd": 0.1,
    "recoilAmount": 0.2,
    "inaccuracy": 2,
    "targetAir": true,
    "alternate": true,
    "rotateSpeed": 3,
    "shootSound": "artillery",
    "shootType": {
        "type": "LaserBoltBulletType",
        "collidesTeam": true,
        "damage": 20,
        "speed": 3,
        "height": 8,
        "width": 5,
        "healPercent": 5,
        "lifetime": 60,
        "frontColor": "90ee90",
        "backColor": "90ee90"
    },
    "coolantMultiplier": 1,
    "consumes": {
        "coolant": {
            "liquid": "water",
            "amount": 0.5,
            "optional": true,
            "booster": true
        },
        "power":{ "usage": 0.5 }
    },
    "requirements": [
        {
            "item": "copper",
            "amount": 50
        },
        {
            "item": "silicon",
            "amount": 25
        }
    ],
    "category": "turret",
    "research": "turret"
}
