{
    "type": "ItemTurret",
    "size": 2,
    "health": 400,
    "range": 170,
    "minRange": 0,
    "reload": 7,
    "velocityRnd": 0.2,
    "inaccuracy": 16,
    "shootCone": 32,
    "recoilAmount": 1,
    "hasItems": true,
    "maxAmmo": 50,
    "itemCapacity": 50,
    "targetAir": true,
    "rotateSpeed": 12,
    "shootSound": "artillery",
    "shoot": {
        "shots": 2,
        "spread": 0
    },
    "ammoTypes": {
        "scrap": {
            "type": "BasicBulletType",
            "damage": 10,
            "height": 12,
            "width": 6,
            "speed": 2.5,
            "lifetime": 80,
            "collidesTiles": true,
            "ammoMultiplier": 1
        },
        "bullet": {
            "type": "BasicBulletType",
            "damage": 36,
            "height": 12,
            "width": 6,
            "speed": 3,
            "lifetime": 80,
            "knockback": 18,
            "reloadMultiplier": 2,
            "collidesTiles": true,
            "ammoMultiplier": 8
        },
        "metaglass": {
            "type": "BasicBulletType",
            "damage": 16,
            "height": 12,
            "width": 6,
            "speed": 3,
            "lifetime": 70,
            "collidesTiles": true,
            "ammoMultiplier": 1
        },
        "quartz": {
            "type": "BasicBulletType",
            "damage": 30,
            "height": 12,
            "splashDamage": 12,
            "splashRadius": 4,
            "width": 6,
            "speed": 1.5,
            "lifetime": 140,
            "collidesTiles": true,
            "ammoMultiplier": 1
        }
    },
    "coolantMultiplier": 1,
    "consumes": {
        "coolant": {
            "liquid": "water",
            "amount": 0.5,
            "optional": true,
            "booster": true
        }
    },
    "requirements": [
        {
            "item": "metaglass",
            "amount": 30
        },
        {
            "item": "graphite",
            "amount": 18
        },
        {
            "item": "lead",
            "amount": 50
        },
        {
            "item": "copper",
            "amount": 40
        }
    ],
    "category": "turret",
    "research": "arc"
}
