{
    "type": "ItemTurret",
    "size": 2,
    "health": 1400,
    "range": 150,
    "reload": 20,
    "velocityRnd": 0.1,
    "recoilAmount": 1,
    "hasItems": true,
    "itemCapacity": 50,
    "inaccuracy": 2,
    "maxAmmo": 50,
    "targetAir": true,
    "rotateSpeed": 3,
    "shootSound": "artillery",
    "ammoTypes": {
        "copper": {
            "lifetime": 30,
            "type": "BasicBulletType",
            "height": 16,
            "width": 10,
            "speed": 6,
            "collidesTiles": true,
            "damage": 20,
            "ammoMultiplier": 1,
            "smokeEffect": "shootBigSmoke",
            "shootEffect": "producesmoke"
        },
        "graphite": {
            "lifetime": 30,
            "type": "BasicBulletType",
            "height": 20,
            "width": 14,
            "speed": 6,
            "collidesTiles": true,
            "damage": 50,
            "ammoMultiplier": 1.5,
            "smokeEffect": "shootBigSmoke",
            "shootEffect": "producesmoke"
        },
        "bullet": {
            "lifetime": 30,
            "type": "BasicBulletType",
            "height": 30,
            "width": 20,
            "speed": 8,
            "status": "blasted",
            "statusDuration": 120,
            "collidesTiles": true,
            "damage": 90,
            "ammoMultiplier": 4,
            "reloadMultiplier": 0.6,
            "smokeEffect": "shootBigSmoke",
            "shootEffect": "producesmoke"
        },
        "pyratite": {
            "lifetime": 30,
            "type": "BasicBulletType",
            "height": 20,
            "width": 14,
            "speed": 6,
            "status": "burning",
            "statusDuration": 120,
            "collidesTiles": true,
            "damage": 40,
            "ammoMultiplier": 2,
            "makeFire": true,
            "smokeEffect": "shootBigSmoke",
            "shootEffect": "producesmoke"
        },
        "quartz": {
            "lifetime": 30,
            "type": "BasicBulletType",
            "height": 20,
            "width": 14,
            "speed": 6,
            "collidesTiles": true,
            "damage": 150,
            "reloadMultiplier": 0.4,
            "ammoMultiplier": 2,
            "smokeEffect": "shootBigSmoke",
            "shootEffect": "producesmoke"
        }
    },
    "coolantMultiplier": 1,
    "consumes": {
        "coolant": {
            "liquid": "water",
            "amount": 0.5,
            "optional": true,
            "booster": true
        }
    },
    "requirements": [
        {
            "item": "copper",
            "amount": 50
        },
        {
            "item": "lead",
            "amount": 25
        }
    ],
    "category": "turret",
    "research": "duo"
}
