{
  "name": "Трелкер",
  "alwaysUnlocked": true,
  "armor": 1,
  "accel": 0.7,
  "buildSpeed": 1,
  "health": 360,
  "coreUnitDock": true,
  "flying": false,
  "hitSize": 7,
  "mineSpeed": 3,
  "itemCapacity": 30,
  "isEnemy": false,
  "mineTier": 2,
  "speed": 0.6,
  "targetAir": false,
  "type": "legs",
  "legCount": 6,
  "legExtension": 0,
  "legMaxLength": 10,
  "legMinLength": 5,
  "legMoveSpace": 3,
  "legLength": 7,
  "legLengthScl": 0.91,
  "legForwardScl": 0.52,
  "rippleScale": 2,
  "legspeed": "0.075",
  "legTrns": "0.6",
  "rotateSpeed": 3,
  "range": 120,
  "legGroupSize": 2,
  "legContinuousMove": true,
  "hovering": false,
  "outlineRadius": 3,
  "immunities": [
		  "Лёгкие ожоги"
	],
  "weapons": [
    {
      "name": "trelkel",
      "reload": 10,
      "mirror": false,
      "x": 0,
      "y": 1,
      "shootY": 4,
      "recoil": 1.5,
      "recoilTime": 100,
      "inaccuracy": 5,
      "rotate": true,
      "shootSound": "shootSnap",
      "rotateSpeed": 4.2,
      "shootCone": 2,
      "ejectEffect": "casing1",
    "parts": [
    {
    "type": "RegionPart",
    "suffix": "-blade"
    "layerOffset": -0.001,
    "moveX": -6,
    "moveY": -1
    "moveRot": -290,
    "mirror": true
    "progress": "warmup",
  },
  {
    "type": "RegionPart",
    "suffix": "-blade"
    "layerOffset": -0.001,
    "moveX": -4,
    "moveY": 5
    "moveRot": 20,
    "mirror": true
    "progress": "warmup",
  }
  ],
      "bullet":{
        "damage": 10,
        "speed": 5,
        "shrinkX": 0.1,
        "frontColor": "ff7700ff",
        "backColor": "ff9648ff",
        "type": "BasicBulletType",
        "status": "Лёгкие ожоги",
        	"statusDuration": 500
      },
    },
    {
      "name": "wat",
      "reload": 40,
      "x": 0,
      "y": -1,
      "type": "PointDefenseWeapon"
    }
  ]
}
