{
  "name": "Пусковая площадка из гиперсплава",
  "localizedName": "Пусковая площадка из гиперсплава",
  "description": "Запускает предметы с одного сектора на другой очень быстро",
  "health": 17000,
  "type": "launchPad",
  "category": "effect",
  "research": {
    "parent": "Алмазная пусковая площадка",
    "requirements": [
      "Алмаз/7000",
      "Железо/5000",
      "Гипер сплав/2000"
    ]
  },
  "requirements": [
    "Алмаз/3500",
    "Железо/1400",
    "Гипер сплав/1000"
  ],
  "size": 3,
  "itemCapacity": 600,
  "launchTime": 500
}
