{
  "name": "Харбиновая пусковая площадка",
  "localizedName": "Харбиновая пусковая площадка",
  "description": "Запускает предметы с одного сектора на другой. Самая худшая, но для начала сайдёт",
  "health": 300,
  "type": "launchPad",
  "category": "effect",
  "research": {
    "parent": "Хибиновое ядро",
    "requirements": [
      "Харбин/3500",
      "Хибин/1400"
    ]
  },
  "requirements": [
    "Харбин/350",
    "Хибин/140"
  ],
  "size": 3,
  "itemCapacity": 10,
  "launchTime": 3400
}
