{
  "name": "Mass",
  "description": "A small Hoverboard unit with 2 small laser weapons that can heal friendly structures",
  "template": "ErekirUnitType",
  "type": "hover",
  "outlineColor": "2e2f34",
  "hitSize": 11,
  "hovering": true,
  "research": "c0-hoverbord-fabricator",
  "researchCostMultiplier": 0,
  "speed": 2,
  "accel": 0.1,
  "drag": 0.1,
  "parts": [
    {
      "type": "HoverPart",
      "x": 4,
      "y": -4.5,
      "mirror": true,
      "radius": 6,
      "phase": 90,
      "stroke": 2,
      "layerOffset": -0.001,
      "color": "91aaed",
    },
    {
      "type": "HoverPart",
      "x": 4,
      "y": 4.5,
      "mirror": true,
      "radius": 6,
      "phase": 90,
      "stroke": 2,
      "layerOffset": -0.001,
      "color": "91aaed",
    }
  ],
  "flying": false,
  "health": 640,
  "circleTarget": false,
  "weapons": [
    {
      "name": "c1-mass-weapon",
      "top": true,
      "y": 2.7,
      "x": -4.2,
      "reload": 30,
      "inaccuracy": 0,
      "mirror": true,
      "alternate": true,
      "shootSound": "sap",
      "bullet": {
        "type": "shrapnelBulletType",
        "lifetime": 20,
        "damage": 10,
        "serrations": 1,
        "fromColor": "91aaed",
        "toColor": "5e7ccb",
        "length": 120,
        "width": 5,
        "hitEffect": "blastExplosion",
        "shootEffect": "blastExplosion",
        "pierce": true,
        "healAmount": 15,
        "healColor": "91aaed"
      }
    }
  ]
}
