{
  "name": "Hide",
  "description": "A small Glider that fires electric arcs at enemies, cannot attack air units. Can only move above liquid surfaces.",
  "template": "ErekirUnitType",
  "naval": true,
  "hitSize": 8,
  "type": "naval",
  "speed": 1,
  "flying": false,
  "health": 540,
  "faceTarget": false,
  "research": "f0-glider-fabricator",
  "researchCostMultiplier": 0,
  "targetAir": false,
  "immunities": [
    "melting"
  ],
  "weapons": [
    {
      "name": "f1-hide-weapon",
      "top": true,
      "rotate": true,
      "reload": 120,
      "y": 0,
      "x": 0,
      "inaccuracy": 20,
      "mirror": false,
      "shootSound": "spark",
      "shoot": {
        "shots": 4
      },
      "bullet": {
        "type": "LightningBulletType",
        "lifetime": 40,
        "damage": 24,
        "lightningColor": "ddefcc",
        "collidesAir": true,
        "lightningLength": 12,
        "lightningLengthRand": 6,
        "pierce": true,
        "pierceBuilding": true,
      }
    }
  ]
}
